,candidate,party,votes,state,state_num,const_num,const_name,status
0,THOKCHOM LOKESHWAR SINGH,Indian National Congress,12849,Manipur,14,1,Manipur - Khundrakpam (GEN),Result Declared  
1,THANGJAM MOHENDRO SINGH,Bharatiya Janata Party,9790,Manipur,14,1,Manipur - Khundrakpam (GEN),Result Declared  
2,YUMLEMBAM JOGENDRO,Communist Party of India  (Marxist),129,Manipur,14,1,Manipur - Khundrakpam (GEN),Result Declared  
3,LAIRENLAKPAM LALA SINGH,National People's Party,36,Manipur,14,1,Manipur - Khundrakpam (GEN),Result Declared  
4,None of the Above,None of the Above,92,Manipur,14,1,Manipur - Khundrakpam (GEN),Result Declared  
5,NONGTHOMBAM BIREN SINGH,Bharatiya Janata Party,10439,Manipur,14,2,Manipur - Heingang (GEN),Result Declared  
6,PANGEIJAM SARATCHANDRA SINGH,All India Trinamool Congress,9233,Manipur,14,2,Manipur - Heingang (GEN),Result Declared  
7,NAOROIBAM RATAN MEETEI (KAPU),Indian National Congress,7329,Manipur,14,2,Manipur - Heingang (GEN),Result Declared  
8,DR. GURUMAYUM TONSANA SHARMA,Manipur Democratic Peoples's Front,113,Manipur,14,2,Manipur - Heingang (GEN),Result Declared  
9,THOKCHOM ROMEO SINGH,Independent,91,Manipur,14,2,Manipur - Heingang (GEN),Result Declared  
10,YENGKOKPAM PRIYOKUMAR SINGH,Manipur People???s Party,59,Manipur,14,2,Manipur - Heingang (GEN),Result Declared  
11,None of the Above,None of the Above,130,Manipur,14,2,Manipur - Heingang (GEN),Result Declared  
12,LEISHANGTHEM SUSINDRO MEITEI,Bharatiya Janata Party,15005,Manipur,14,3,Manipur - Khurai (GEN),Result Declared  
13,DR. NGAIRANGBAM BIJOY SINGH,Indian National Congress,13061,Manipur,14,3,Manipur - Khurai (GEN),Result Declared  
14,R.K.AMUSANA,Communist Party of India,800,Manipur,14,3,Manipur - Khurai (GEN),Result Declared  
15,None of the Above,None of the Above,322,Manipur,14,3,Manipur - Khurai (GEN),Result Declared  
16,NAHAKPAM INDRAJIT SINGH,Bharatiya Janata Party,10411,Manipur,14,4,Manipur - Kshetrigao ,Result Declared  
17,MD. AMIN SHAH,Indian National Congress,10031,Manipur,14,4,Manipur - Kshetrigao ,Result Declared  
18,TH. NANDAKISHOR SINGH,Manipur National Democratic Front,9190,Manipur,14,4,Manipur - Kshetrigao ,Result Declared  
19,VIVEKRAJ WANGKHEM,National People's Party,281,Manipur,14,4,Manipur - Kshetrigao ,Result Declared  
20,MD. AZIZUL HAGUE KHAN,Manipur People???s Party,80,Manipur,14,4,Manipur - Kshetrigao ,Result Declared  
21,MD. ABIR KHAN,All India Forward Bloc,69,Manipur,14,4,Manipur - Kshetrigao ,Result Declared  
22,MD. ZAMEER AHMED,All India Trinamool Congress,67,Manipur,14,4,Manipur - Kshetrigao ,Result Declared  
23,None of the Above,None of the Above,174,Manipur,14,4,Manipur - Kshetrigao ,Result Declared  
24,THONGAM BISWAJIT SINGH,Bharatiya Janata Party,16809,Manipur,14,5,Manipur - Thongju ,Result Declared  
25,THOKCHOM AJIT SINGH,Indian National Congress,9508,Manipur,14,5,Manipur - Thongju ,Result Declared  
26,L. GEETARANJAN SHARMA,All India Trinamool Congress,131,Manipur,14,5,Manipur - Thongju ,Result Declared  
27,None of the Above,None of the Above,398,Manipur,14,5,Manipur - Thongju ,Result Declared  
28,LOUREMBAM RAMESHWOR MEETEI,Bharatiya Janata Party,5959,Manipur,14,6,Manipur - Keirao ,Result Declared  
29,MD. NASIRUDDIN KHAN,Independent,5421,Manipur,14,6,Manipur - Keirao ,Result Declared  
30,KARAM THAMARJIT SINGH,Indian National Congress,4715,Manipur,14,6,Manipur - Keirao ,Result Declared  
31,THONGRAM GOPEN,North East India Development Party,4477,Manipur,14,6,Manipur - Keirao ,Result Declared  
32,MD. ISLAMUDDIN KHAN,Nationalist Congress Party,3241,Manipur,14,6,Manipur - Keirao ,Result Declared  
33,TAKHELLAMBAM SAMANANDA SINGH,Lok Jan Shakti Party,1446,Manipur,14,6,Manipur - Keirao ,Result Declared  
34,NINGTHOUJAM ITOMBA MEETEI,Manipur National Democratic Front,685,Manipur,14,6,Manipur - Keirao ,Result Declared  
35,MD. WAHIDUR RAHMAN,Independent,106,Manipur,14,6,Manipur - Keirao ,Result Declared  
36,None of the Above,None of the Above,80,Manipur,14,6,Manipur - Keirao ,Result Declared  
37,THOUNAOJAM SHYAMKUMAR,Indian National Congress,18761,Manipur,14,7,Manipur - Andro ,Result Declared  
38,DR. NIMAICHAND LUWANG,Bharatiya Janata Party,10775,Manipur,14,7,Manipur - Andro ,Result Declared  
39,KEISHAM NINGTHEMJAO SINGH,Manipur National Democratic Front,162,Manipur,14,7,Manipur - Andro ,Result Declared  
40,None of the Above,None of the Above,152,Manipur,14,7,Manipur - Andro ,Result Declared  
41,KSH. BIREN SINGH,Indian National Congress,12339,Manipur,14,8,Manipur - Lamlai ,Result Declared  
42,KHONGBANTABAM IBOMCHA,Bharatiya Janata Party,11487,Manipur,14,8,Manipur - Lamlai ,Result Declared  
43,HUIREM BIMOL,Communist Party of India,1712,Manipur,14,8,Manipur - Lamlai ,Result Declared  
44,None of the Above,None of the Above,158,Manipur,14,8,Manipur - Lamlai ,Result Declared  
45,KHUMUKCHAM JOYKISAN SINGH,Indian National Congress,11596,Manipur,14,9,Manipur - Thangmeiband ,Result Declared  
46,JYOTIN WAIKHOM,Bharatiya Janata Party,11439,Manipur,14,9,Manipur - Thangmeiband ,Result Declared  
47,ERENDRO LEICHOMBAM,Peoples Resurgence and Justice Alliance,573,Manipur,14,9,Manipur - Thangmeiband ,Result Declared  
48,None of the Above,None of the Above,137,Manipur,14,9,Manipur - Thangmeiband ,Result Declared  
49,YUMNAM JOYKUMAR SINGH,National People's Party,6469,Manipur,14,10,Manipur - Uripok ,Result Declared  
50,LAISHRAM NANDAKUMAR SINGH,Indian National Congress,6124,Manipur,14,10,Manipur - Uripok ,Result Declared  
51,DR. NAMEIRAKPAM DWIJAMANI SINGH,Bharatiya Janata Party,5986,Manipur,14,10,Manipur - Uripok ,Result Declared  
52,NAMEIRAKPAM SANTOSH SINGH,Lok Jan Shakti Party,1332,Manipur,14,10,Manipur - Uripok ,Result Declared  
53,None of the Above,None of the Above,284,Manipur,14,10,Manipur - Uripok ,Result Declared  
54,RAJKUMAR IMO SINGH,Indian National Congress,9211,Manipur,14,11,Manipur - Sagolband ,Result Declared  
55,DR. KHWAIRAKPAM LOKEN SINGH,Bharatiya Janata Party,9192,Manipur,14,11,Manipur - Sagolband ,Result Declared  
56,G. SATYABATI DEVI,National People's Party,982,Manipur,14,11,Manipur - Sagolband ,Result Declared  
57,LAISHRAM GYANESHWAR,Independent,31,Manipur,14,11,Manipur - Sagolband ,Result Declared  
58,None of the Above,None of the Above,151,Manipur,14,11,Manipur - Sagolband ,Result Declared  
59,LANGPOKLAKPAM JAYANTAKUMAR SINGH,National People's Party,10000,Manipur,14,12,Manipur - Keishamthong ,Result Declared  
60,LAISOM IBOMCHA SINGH,Indian National Congress,6739,Manipur,14,12,Manipur - Keishamthong ,Result Declared  
61,RAJKUMAR SHIVACHANDRA SINGH,Bharatiya Janata Party,5003,Manipur,14,12,Manipur - Keishamthong ,Result Declared  
62,POTSANGBAM DHANAKUMAR SINGH,North East India Development Party,611,Manipur,14,12,Manipur - Keishamthong ,Result Declared  
63,KHABA PAONAM,Manipur People???s Party,204,Manipur,14,12,Manipur - Keishamthong ,Result Declared  
64,HEISHNAM LOKESHWAR SINGH,Lok Jan Shakti Party,171,Manipur,14,12,Manipur - Keishamthong ,Result Declared  
65,YUMNAM ROMOLA DEVI,Manipur National Democratic Front,96,Manipur,14,12,Manipur - Keishamthong ,Result Declared  
66,CHANGAMAYUM GANESHLAL SINGH,All India Forward Bloc,77,Manipur,14,12,Manipur - Keishamthong ,Result Declared  
67,None of the Above,None of the Above,206,Manipur,14,12,Manipur - Keishamthong ,Result Declared  
68,YUMNAM KHEMCHAND SINGH,Bharatiya Janata Party,9459,Manipur,14,13,Manipur - Singjamei ,Result Declared  
69,IRENGBAM HEMOCHANDRA SINGH,Indian National Congress,7625,Manipur,14,13,Manipur - Singjamei ,Result Declared  
70,HEIGRUJAM NABASHYAM,All India Trinamool Congress,176,Manipur,14,13,Manipur - Singjamei ,Result Declared  
71,THOKCHOM SARCHIL SINGH,Manipur People???s Party,104,Manipur,14,13,Manipur - Singjamei ,Result Declared  
72,None of the Above,None of the Above,206,Manipur,14,13,Manipur - Singjamei ,Result Declared  
73,THOKCHOM SATYABRATA SINGH,Bharatiya Janata Party,8014,Manipur,14,14,Manipur - Yaiskul ,Result Declared  
74,ELANGBAM CHAND SINGH,Indian National Congress,7444,Manipur,14,14,Manipur - Yaiskul ,Result Declared  
75,N. HELENDRO SINGH,Independent,5621,Manipur,14,14,Manipur - Yaiskul ,Result Declared  
76,ATHOKPAM KESHOR SINGH,Lok Jan Shakti Party,397,Manipur,14,14,Manipur - Yaiskul ,Result Declared  
77,YUMLEMBAM NOGEN,Communist Party of India,143,Manipur,14,14,Manipur - Yaiskul ,Result Declared  
78,None of the Above,None of the Above,278,Manipur,14,14,Manipur - Yaiskul ,Result Declared  
79,OKRAM HENRY SINGH,Indian National Congress,16753,Manipur,14,15,Manipur - Wangkhei ,Result Declared  
80,YUMKHAM ERABOT SINGH,Bharatiya Janata Party,12417,Manipur,14,15,Manipur - Wangkhei ,Result Declared  
81,RAJKUMAR PRIYOBARTA SINGH,All India Trinamool Congress,149,Manipur,14,15,Manipur - Wangkhei ,Result Declared  
82,None of the Above,None of the Above,341,Manipur,14,15,Manipur - Wangkhei ,Result Declared  
83,HEIKHAM DINGO SINGH,Bharatiya Janata Party,13163,Manipur,14,16,Manipur - Sekmai ,Result Declared  
84,KHWAIRAKPAM DEVENDRO SINGH,Indian National Congress,10631,Manipur,14,16,Manipur - Sekmai ,Result Declared  
85,None of the Above,None of the Above,219,Manipur,14,16,Manipur - Sekmai ,Result Declared  
86,SOROKHAIBAM RAJEN SINGH,Bharatiya Janata Party,12593,Manipur,14,17,Manipur - Lamsang ,Result Declared  
87,WANGKHEIMAYUM BRAJABIDHU SINGH,Indian National Congress,11313,Manipur,14,17,Manipur - Lamsang ,Result Declared  
88,PHIJAM PAKCHAO SINGH,North East India Development Party,3956,Manipur,14,17,Manipur - Lamsang ,Result Declared  
89,None of the Above,None of the Above,166,Manipur,14,17,Manipur - Lamsang ,Result Declared  
90,DR. SAPAM RANJAN SINGH,Bharatiya Janata Party,14313,Manipur,14,18,Manipur - Konthoujam ,Result Declared  
91,KONTHOUJAM SHARAT SINGH,Indian National Congress,11541,Manipur,14,18,Manipur - Konthoujam ,Result Declared  
92,NONGMAITHEM SANTA SINGH,Independent,83,Manipur,14,18,Manipur - Konthoujam ,Result Declared  
93,None of the Above,None of the Above,92,Manipur,14,18,Manipur - Konthoujam ,Result Declared  
94,KM. AK. MIRABAI DEVI,Indian National Congress,13405,Manipur,14,19,Manipur - Patsoi ,Result Declared  
95,SAPAM KUNJAKESWOR (KEBA) SINGH,North East India Development Party,13291,Manipur,14,19,Manipur - Patsoi ,Result Declared  
96,S. PREMANANDA SHARMA,Bharatiya Janata Party,3173,Manipur,14,19,Manipur - Patsoi ,Result Declared  
97,CHUNGKHAM THOIBA (BIJOY) SINGH,National People's Party,1236,Manipur,14,19,Manipur - Patsoi ,Result Declared  
98,THOUNAOJAM SHARAT SINGH,Communist Party of India  (Marxist),85,Manipur,14,19,Manipur - Patsoi ,Result Declared  
99,None of the Above,None of the Above,270,Manipur,14,19,Manipur - Patsoi ,Result Declared  
100,KARAM SHYAM,Lok Jan Shakti Party,9625,Manipur,14,20,Manipur - Langthabal ,Result Declared  
101,O. JOY SINGH,Bharatiya Janata Party,7294,Manipur,14,20,Manipur - Langthabal ,Result Declared  
102,NINGOMBAM NILAKUMAR SINGH,North East India Development Party,2806,Manipur,14,20,Manipur - Langthabal ,Result Declared  
103,MUTUM DINESH SINGH,Manipur National Democratic Front,2035,Manipur,14,20,Manipur - Langthabal ,Result Declared  
104,NONGTHOMBAM SINGHAJIT,Communist Party of India,1819,Manipur,14,20,Manipur - Langthabal ,Result Declared  
105,LOITONGBAM TILOTAMA DEVI,Indian National Congress,983,Manipur,14,20,Manipur - Langthabal ,Result Declared  
106,None of the Above,None of the Above,119,Manipur,14,20,Manipur - Langthabal ,Result Declared  
107,SOIBAM SUBHASCHANDRA SINGH,Bharatiya Janata Party,8609,Manipur,14,21,Manipur - Naoriya pakhanglakpa ,Result Declared  
108,R.K. ANAND,Indian National Congress,6994,Manipur,14,21,Manipur - Naoriya pakhanglakpa ,Result Declared  
109,SORAISHAM MANAOTON SINGH,All India Trinamool Congress,6121,Manipur,14,21,Manipur - Naoriya pakhanglakpa ,Result Declared  
110,KONTHOUJAM MANORANJAN SINGH,Lok Jan Shakti Party,4777,Manipur,14,21,Manipur - Naoriya pakhanglakpa ,Result Declared  
111,OINAM MALESH SINGH,North East India Development Party,3610,Manipur,14,21,Manipur - Naoriya pakhanglakpa ,Result Declared  
112,THOKCHOM DHANABIR SINGH,Nationalist Congress Party,70,Manipur,14,21,Manipur - Naoriya pakhanglakpa ,Result Declared  
113,None of the Above,None of the Above,153,Manipur,14,21,Manipur - Naoriya pakhanglakpa ,Result Declared  
114,OINAM LUKHOI SINGH,Indian National Congress,7443,Manipur,14,22,Manipur - Wangoi ,Result Declared  
115,KHURAIJAM LOKEN SINGH,National People's Party,7407,Manipur,14,22,Manipur - Wangoi ,Result Declared  
116,SALAM JOY SINGH,Bharatiya Janata Party,6590,Manipur,14,22,Manipur - Wangoi ,Result Declared  
117,SAGOLSEM ACHOUBA SINGH,Manipur National Democratic Front,3983,Manipur,14,22,Manipur - Wangoi ,Result Declared  
118,MOIRANGMAYUM THOIBA SINGH,Lok Jan Shakti Party,719,Manipur,14,22,Manipur - Wangoi ,Result Declared  
119,None of the Above,None of the Above,83,Manipur,14,22,Manipur - Wangoi ,Result Declared  
120,KONGKHAM ROBINDRO SINGH,Bharatiya Janata Party,15221,Manipur,14,23,Manipur - Mayang imphal ,Result Declared  
121,DR. KHUMUJAM RATANKUMAR SINGH,Indian National Congress,12127,Manipur,14,23,Manipur - Mayang imphal ,Result Declared  
122,None of the Above,None of the Above,125,Manipur,14,23,Manipur - Mayang imphal ,Result Declared  
123,NAMEIRAKPAM LOKEN SINGH,Indian National Congress,14736,Manipur,14,24,Manipur - Nambol ,Result Declared  
124,THOUNAOJAM CHAOBA,Bharatiya Janata Party,14456,Manipur,14,24,Manipur - Nambol ,Result Declared  
125,None of the Above,None of the Above,115,Manipur,14,24,Manipur - Nambol ,Result Declared  
126,LAISHRAM RADHAKISHORE SINGH,Bharatiya Janata Party,12029,Manipur,14,25,Manipur - Oinam ,Result Declared  
127,DR. IRENGBAM IBOHALBI SINGH,Indian National Congress,11186,Manipur,14,25,Manipur - Oinam ,Result Declared  
128,KHUNDRAKPAM ROMIO,Nationalist Congress Party,1030,Manipur,14,25,Manipur - Oinam ,Result Declared  
129,LAITONJAM THOIBA SINGH,Manipur National Democratic Front,190,Manipur,14,25,Manipur - Oinam ,Result Declared  
130,None of the Above,None of the Above,81,Manipur,14,25,Manipur - Oinam ,Result Declared  
131,KONTHOUJAM GOVINDAS,Indian National Congress,14150,Manipur,14,26,Manipur - Bishnupur ,Result Declared  
132,KONTHOUJAM KRISHNA KUMAR SINGH,Bharatiya Janata Party,8872,Manipur,14,26,Manipur - Bishnupur ,Result Declared  
133,KHUNDRAKPAM BHABESHWOR SINGH,Lok Jan Shakti Party,3333,Manipur,14,26,Manipur - Bishnupur ,Result Declared  
134,THOKCHOM BINDASAKHI DEVI,All India Trinamool Congress,105,Manipur,14,26,Manipur - Bishnupur ,Result Declared  
135,None of the Above,None of the Above,181,Manipur,14,26,Manipur - Bishnupur ,Result Declared  
136,PUKHREM SHARATCHANDRA SINGH,Bharatiya Janata Party,11708,Manipur,14,27,Manipur - Moirang ,Result Declared  
137,MAIREMBAM PRITHVIRAJ SINGH,Indian National Congress,11333,Manipur,14,27,Manipur - Moirang ,Result Declared  
138,THONGAM SHANTI SINGH,Independent,8369,Manipur,14,27,Manipur - Moirang ,Result Declared  
139,None of the Above,None of the Above,203,Manipur,14,27,Manipur - Moirang ,Result Declared  
140,TONGBRAM ROBINDRO SINGH,All India Trinamool Congress,6462,Manipur,14,28,Manipur - Thanga ,Result Declared  
141,MOIRANGTHEM ASNIKUMAR SINGH,Bharatiya Janata Party,5457,Manipur,14,28,Manipur - Thanga ,Result Declared  
142,TONGBRAM MANGIBABU SINGH,Indian National Congress,5070,Manipur,14,28,Manipur - Thanga ,Result Declared  
143,HEISNAM KULACHANDRA SINGH,Nationalist Congress Party,2461,Manipur,14,28,Manipur - Thanga ,Result Declared  
144,None of the Above,None of the Above,97,Manipur,14,28,Manipur - Thanga ,Result Declared  
145,SANASAM BIRA SINGH,Indian National Congress,11881,Manipur,14,29,Manipur - Kumbi ,Result Declared  
146,NINGTHOUJAM MANGI,Bharatiya Janata Party,10570,Manipur,14,29,Manipur - Kumbi ,Result Declared  
147,NINGOMBAM IBOHAL MEITEI,Lok Jan Shakti Party,1057,Manipur,14,29,Manipur - Kumbi ,Result Declared  
148,WAHENGBAM BOBBYJAMES SINGH,Manipur National Democratic Front,180,Manipur,14,29,Manipur - Kumbi ,Result Declared  
149,None of the Above,None of the Above,117,Manipur,14,29,Manipur - Kumbi ,Result Declared  
150,MUHAMMAD ABDUL NASIR,Indian National Congress,10765,Manipur,14,30,Manipur - Lilong ,Result Declared  
151,Y. ANTAS KHAN,Independent,9497,Manipur,14,30,Manipur - Lilong ,Result Declared  
152,MD. ANWAR HUSSAIN,Bharatiya Janata Party,8456,Manipur,14,30,Manipur - Lilong ,Result Declared  
153,SHEIKH KHEIRUDDIN,North East India Development Party,369,Manipur,14,30,Manipur - Lilong ,Result Declared  
154,MD. ABDUL ZABAR,Manipur National Democratic Front,83,Manipur,14,30,Manipur - Lilong ,Result Declared  
155,NASIR AHMAD SHEIKH,Independent,67,Manipur,14,30,Manipur - Lilong ,Result Declared  
156,None of the Above,None of the Above,100,Manipur,14,30,Manipur - Lilong ,Result Declared  
157,OKRAM IBOBI SINGH,Indian National Congress,18649,Manipur,14,31,Manipur - Thoubal ,Result Declared  
158,LEITANTHEM BASANTA SINGH,Bharatiya Janata Party,8179,Manipur,14,31,Manipur - Thoubal ,Result Declared  
159,LEISHANGTHEM SURESH SINGH,All India Trinamool Congress,144,Manipur,14,31,Manipur - Thoubal ,Result Declared  
160,IROM SHARMILA CHANU,Peoples Resurgence and Justice Alliance,90,Manipur,14,31,Manipur - Thoubal ,Result Declared  
161,DR. AKOIJAM MANGLEMJAO SINGH,Independent,66,Manipur,14,31,Manipur - Thoubal ,Result Declared  
162,None of the Above,None of the Above,143,Manipur,14,31,Manipur - Thoubal ,Result Declared  
163,KEISHAM MEGHACHANDRA SINGH,Indian National Congress,11293,Manipur,14,32,Manipur - Wangkhem ,Result Declared  
164,YUMNAM NABACHANDRA SINGH,North East India Development Party,8413,Manipur,14,32,Manipur - Wangkhem ,Result Declared  
165,OINAM HARIDAS SINGH,Bharatiya Janata Party,4573,Manipur,14,32,Manipur - Wangkhem ,Result Declared  
166,KANGABAM JADU SINGH,Lok Jan Shakti Party,3986,Manipur,14,32,Manipur - Wangkhem ,Result Declared  
167,LAISHRAM THANIL MEITEI,National People's Party,136,Manipur,14,32,Manipur - Wangkhem ,Result Declared  
168,None of the Above,None of the Above,177,Manipur,14,32,Manipur - Wangkhem ,Result Declared  
169,THOKCHOM RADHESHYAM SINGH,Bharatiya Janata Party,13389,Manipur,14,33,Manipur - Heirok ,Result Declared  
170,MOIRANGTHEM OKENDRO,Indian National Congress,11742,Manipur,14,33,Manipur - Heirok ,Result Declared  
171,NINGTHOUJAM DITEN,Nationalist Congress Party,3321,Manipur,14,33,Manipur - Heirok ,Result Declared  
172,MOIRANGTHEM TOTOMSANA,All India Trinamool Congress,85,Manipur,14,33,Manipur - Heirok ,Result Declared  
173,NONGMEIKAPAM SOVAKIRAN SINGH,Manipur People???s Party,84,Manipur,14,33,Manipur - Heirok ,Result Declared  
174,None of the Above,None of the Above,94,Manipur,14,33,Manipur - Heirok ,Result Declared  
175,PAONAM BROJEN SINGH,Indian National Congress,12830,Manipur,14,34,Manipur - Wangjing tentha ,Result Declared  
176,MOIRANGTHEM HEMANTA,Bharatiya Janata Party,10967,Manipur,14,34,Manipur - Wangjing tentha ,Result Declared  
177,HAOBAM ROBINDRO SINGH,Communist Party of India,5562,Manipur,14,34,Manipur - Wangjing tentha ,Result Declared  
178,SAGOLSEM IBOCHOUBI SINGH,Manipur National Democratic Front,121,Manipur,14,34,Manipur - Wangjing tentha ,Result Declared  
179,None of the Above,None of the Above,105,Manipur,14,34,Manipur - Wangjing tentha ,Result Declared  
180,SURJAKUMAR OKRAM,Indian National Congress,20781,Manipur,14,35,Manipur - Khangabok ,Result Declared  
181,THOKCHOM JADUMANI SINGH,Bharatiya Janata Party,11329,Manipur,14,35,Manipur - Khangabok ,Result Declared  
182,HAJI ASRAF ALI,National People's Party,116,Manipur,14,35,Manipur - Khangabok ,Result Declared  
183,None of the Above,None of the Above,133,Manipur,14,35,Manipur - Khangabok ,Result Declared  
184,MD. FAJUR RAHIM,Indian National Congress,12474,Manipur,14,36,Manipur - Wabgai ,Result Declared  
185,DR. USHAM DEBEN SINGH,Bharatiya Janata Party,7713,Manipur,14,36,Manipur - Wabgai ,Result Declared  
186,MAYENGBAM RANJIT SINGH,North East India Development Party,5264,Manipur,14,36,Manipur - Wabgai ,Result Declared  
187,MD. ABDUL SAMAD,Manipur National Democratic Front,1695,Manipur,14,36,Manipur - Wabgai ,Result Declared  
188,MOHAMMAD HABIBUR RAHMAN,National People's Party,326,Manipur,14,36,Manipur - Wabgai ,Result Declared  
189,NAJIMA BIBI,Peoples Resurgence and Justice Alliance,33,Manipur,14,36,Manipur - Wabgai ,Result Declared  
190,None of the Above,None of the Above,117,Manipur,14,36,Manipur - Wabgai ,Result Declared  
191,YENGKHOM SURCHANDRA SINGH,Indian National Congress,11133,Manipur,14,37,Manipur - Kakching ,Result Declared  
192,M. RAMESHWAR SINGH (RAMAY),Bharatiya Janata Party,10503,Manipur,14,37,Manipur - Kakching ,Result Declared  
193,NAOREM ACHOUBA,Communist Party of India,2215,Manipur,14,37,Manipur - Kakching ,Result Declared  
194,None of the Above,None of the Above,249,Manipur,14,37,Manipur - Kakching ,Result Declared  
195,DR. RADHESHYAM YUMNAM,Bharatiya Janata Party,13394,Manipur,14,38,Manipur - Hiyanglam ,Result Declared  
196,ELANGBAM DWIJAMANI SINGH,Indian National Congress,11669,Manipur,14,38,Manipur - Hiyanglam ,Result Declared  
197,None of the Above,None of the Above,127,Manipur,14,38,Manipur - Hiyanglam ,Result Declared  
198,KANGUJAM RANJIT SINGH,Indian National Congress,13331,Manipur,14,39,Manipur - Sugnu ,Result Declared  
199,YUMNAM JIBAN SINGH,Bharatiya Janata Party,10198,Manipur,14,39,Manipur - Sugnu ,Result Declared  
200,None of the Above,None of the Above,196,Manipur,14,39,Manipur - Sugnu ,Result Declared  
201,ASHAB UDDIN,Independent,8189,Manipur,14,40,Manipur - Jiribam ,Result Declared  
202,THOUDAM DEBENDRA SINGH,Indian National Congress,6539,Manipur,14,40,Manipur - Jiribam ,Result Declared  
203,THOUNAOJAM RANABIR SINGH,Bharatiya Janata Party,3199,Manipur,14,40,Manipur - Jiribam ,Result Declared  
204,A. BIREN SINGH,North East India Development Party,2812,Manipur,14,40,Manipur - Jiribam ,Result Declared  
205,MATHIUDIN KAMEI,Naga Peoples Front,1163,Manipur,14,40,Manipur - Jiribam ,Result Declared  
206,HABIB ALI,National People's Party,649,Manipur,14,40,Manipur - Jiribam ,Result Declared  
207,None of the Above,None of the Above,389,Manipur,14,40,Manipur - Jiribam ,Result Declared  
208,LETPAO HAOKIP,National People's Party,14216,Manipur,14,41,Manipur - Chandel (st) ,Result Declared  
209,TS WARNGAM,Independent,12091,Manipur,14,41,Manipur - Chandel (st) ,Result Declared  
210,S.S. OLISH,Bharatiya Janata Party,9842,Manipur,14,41,Manipur - Chandel (st) ,Result Declared  
211,BD. BEHRING ANAL,People's Democratic Alliance,3044,Manipur,14,41,Manipur - Chandel (st) ,Result Declared  
212,ST. VICTOR NUNGHLUNG,Naga Peoples Front,1574,Manipur,14,41,Manipur - Chandel (st) ,Result Declared  
213,CHUNGJALEN HAOKIP,Indian National Congress,1185,Manipur,14,41,Manipur - Chandel (st) ,Result Declared  
214,THANGKHOLUN HAOKIP,All India Trinamool Congress,221,Manipur,14,41,Manipur - Chandel (st) ,Result Declared  
215,None of the Above,None of the Above,163,Manipur,14,41,Manipur - Chandel (st) ,Result Declared  
216,D. KORUNGTHANG,Indian National Congress,16940,Manipur,14,42,Manipur - Tengnoupal (st) ,Result Declared  
217,YANGKHOLET HAOKIP,Bharatiya Janata Party,12284,Manipur,14,42,Manipur - Tengnoupal (st) ,Result Declared  
218,KHULPUWA ARMSTRONG CHARANG,Naga Peoples Front,11015,Manipur,14,42,Manipur - Tengnoupal (st) ,Result Declared  
219,KH DAVID MARING,National People's Party,1300,Manipur,14,42,Manipur - Tengnoupal (st) ,Result Declared  
220,None of the Above,None of the Above,150,Manipur,14,42,Manipur - Tengnoupal (st) ,Result Declared  
221,K. LEISHIYO,Naga Peoples Front,11900,Manipur,14,43,Manipur - Phungyar (st) ,Result Declared  
222,SOMI AWUNGSHI,Bharatiya Janata Party,7122,Manipur,14,43,Manipur - Phungyar (st) ,Result Declared  
223,VICTOR KEISHING,Indian National Congress,5313,Manipur,14,43,Manipur - Phungyar (st) ,Result Declared  
224,A.S. HOPINGSON,Independent,452,Manipur,14,43,Manipur - Phungyar (st) ,Result Declared  
225,M.K. PHUNGREIYO,All India Trinamool Congress,97,Manipur,14,43,Manipur - Phungyar (st) ,Result Declared  
226,None of the Above,None of the Above,72,Manipur,14,43,Manipur - Phungyar (st) ,Result Declared  
227,ALFRED KANNGAM ARTHUR,Indian National Congress,11510,Manipur,14,44,Manipur - Ukhrul (st) ,Result Declared  
228,SOMATAI SHAIZA,Bharatiya Janata Party,11214,Manipur,14,44,Manipur - Ukhrul (st) ,Result Declared  
229,SAMUEL RISOM,Naga Peoples Front,8883,Manipur,14,44,Manipur - Ukhrul (st) ,Result Declared  
230,WORTHINGTON MAHUNG,Lok Jan Shakti Party,310,Manipur,14,44,Manipur - Ukhrul (st) ,Result Declared  
231,LETSEI HAOKIP,All India Trinamool Congress,115,Manipur,14,44,Manipur - Ukhrul (st) ,Result Declared  
232,None of the Above,None of the Above,46,Manipur,14,44,Manipur - Ukhrul (st) ,Result Declared  
233,KHASHIM VASHUM,Naga Peoples Front,16582,Manipur,14,45,Manipur - Chingai (st) ,Result Declared  
234,SWORD VASHUM,Bharatiya Janata Party,8932,Manipur,14,45,Manipur - Chingai (st) ,Result Declared  
235,PRESHOW M.K SHIMRAY,Indian National Congress,6370,Manipur,14,45,Manipur - Chingai (st) ,Result Declared  
236,N.K. SHIMRAY,North East India Development Party,157,Manipur,14,45,Manipur - Chingai (st) ,Result Declared  
237,None of the Above,None of the Above,30,Manipur,14,45,Manipur - Chingai (st) ,Result Declared  
238,YAMTHONG HAOKIP,Indian National Congress,8677,Manipur,14,46,Manipur - Saikul (st) ,Result Declared  
239,CHUNGKHOKAI DOUNGEL,Nationalist Congress Party,5416,Manipur,14,46,Manipur - Saikul (st) ,Result Declared  
240,PAOJALET TOUTHANG,Bharatiya Janata Party,4439,Manipur,14,46,Manipur - Saikul (st) ,Result Declared  
241,DOUKHOMANG KHONGSAI,North East India Development Party,4008,Manipur,14,46,Manipur - Saikul (st) ,Result Declared  
242,CH. AJANG KHONGSAI,National People's Party,2993,Manipur,14,46,Manipur - Saikul (st) ,Result Declared  
243,THANGJAMANG HAOKIP,Lok Jan Shakti Party,2803,Manipur,14,46,Manipur - Saikul (st) ,Result Declared  
244,L. SAMUEL KOM,Republican Party of India (A),464,Manipur,14,46,Manipur - Saikul (st) ,Result Declared  
245,MANGVUNG THANGBOI HAOKIP,Naga Peoples Front,304,Manipur,14,46,Manipur - Saikul (st) ,Result Declared  
246,LETJAM SINGSON,Manipur National Democratic Front,67,Manipur,14,46,Manipur - Saikul (st) ,Result Declared  
247,HORNGAM KEISHING,All India Trinamool Congress,61,Manipur,14,46,Manipur - Saikul (st) ,Result Declared  
248,KENN RAIKHAN,Independent,45,Manipur,14,46,Manipur - Saikul (st) ,Result Declared  
249,None of the Above,None of the Above,45,Manipur,14,46,Manipur - Saikul (st) ,Result Declared  
250,D.D. THAISII,Indian National Congress,14038,Manipur,14,47,Manipur - Karong (st) ,Result Declared  
251,R. YUH JONATHAN TAO,Bharatiya Janata Party,9745,Manipur,14,47,Manipur - Karong (st) ,Result Declared  
252,THAIBA SANII,Independent,7322,Manipur,14,47,Manipur - Karong (st) ,Result Declared  
253,SOLOMON VIENO,Independent,6553,Manipur,14,47,Manipur - Karong (st) ,Result Declared  
254,DR. V. ALEXANDER PAO,Naga Peoples Front,5342,Manipur,14,47,Manipur - Karong (st) ,Result Declared  
255,T.K. SAVANAI,Lok Jan Shakti Party,951,Manipur,14,47,Manipur - Karong (st) ,Result Declared  
256,None of the Above,None of the Above,145,Manipur,14,47,Manipur - Karong (st) ,Result Declared  
257,LOSII DIKHO,Naga Peoples Front,25933,Manipur,14,48,Manipur - Mao (st) ,Result Declared  
258,WOBA JORAM,Bharatiya Janata Party,10519,Manipur,14,48,Manipur - Mao (st) ,Result Declared  
259,P.T. ARHAI,Indian National Congress,7604,Manipur,14,48,Manipur - Mao (st) ,Result Declared  
260,R. HABA PAO,Independent,5101,Manipur,14,48,Manipur - Mao (st) ,Result Declared  
261,None of the Above,None of the Above,59,Manipur,14,48,Manipur - Mao (st) ,Result Declared  
262,N. KAYISII,National People's Party,17115,Manipur,14,49,Manipur - Tadubi (st) ,Result Declared  
263,M. FRANCIS NGAJOKPA,Bharatiya Janata Party,15816,Manipur,14,49,Manipur - Tadubi (st) ,Result Declared  
264,K. RAINA,Naga Peoples Front,6614,Manipur,14,49,Manipur - Tadubi (st) ,Result Declared  
265,DILUNGHEING,Lok Jan Shakti Party,354,Manipur,14,49,Manipur - Tadubi (st) ,Result Declared  
266,L. HINGBA THOMAS,Manipur National Democratic Front,330,Manipur,14,49,Manipur - Tadubi (st) ,Result Declared  
267,R.S. HENRY HIILII,Indian National Congress,305,Manipur,14,49,Manipur - Tadubi (st) ,Result Declared  
268,None of the Above,None of the Above,223,Manipur,14,49,Manipur - Tadubi (st) ,Result Declared  
269,NEMCHA KIPGEN,Bharatiya Janata Party,13485,Manipur,14,50,Manipur - Kangpokpi (Gen) ,Result Declared  
270,KHARGA TAMANG,Independent,11188,Manipur,14,50,Manipur - Kangpokpi (Gen) ,Result Declared  
271,ATHIKHO SOLOMON ENAH,Naga Peoples Front,875,Manipur,14,50,Manipur - Kangpokpi (Gen) ,Result Declared  
272,SOSHIM KEISHING,Nationalist Congress Party,228,Manipur,14,50,Manipur - Kangpokpi (Gen) ,Result Declared  
273,None of the Above,None of the Above,289,Manipur,14,50,Manipur - Kangpokpi (Gen) ,Result Declared  
274,NGAMTHANG HAOKIP,Indian National Congress,19467,Manipur,14,51,Manipur - Saitu (ST) ,Result Declared  
275,HAOKHOLET KIPGEN,Bharatiya Janata Party,15650,Manipur,14,51,Manipur - Saitu (ST) ,Result Declared  
276,SEHPU HAOKIP,Naga Peoples Front,1166,Manipur,14,51,Manipur - Saitu (ST) ,Result Declared  
277,None of the Above,None of the Above,110,Manipur,14,51,Manipur - Saitu (ST) ,Result Declared  
278,AWANGBOW NEWMAI,Naga Peoples Front,15933,Manipur,14,52,Manipur - Tamei (ST) ,Result Declared  
279,Z. KIKHONBOU NEWMAI,Bharatiya Janata Party,15186,Manipur,14,52,Manipur - Tamei (ST) ,Result Declared  
280,G.N. KUMUITEUNG (DR. AKU),Indian National Congress,1136,Manipur,14,52,Manipur - Tamei (ST) ,Result Declared  
281,None of the Above,None of the Above,40,Manipur,14,52,Manipur - Tamei (ST) ,Result Declared  
282,SAMUEL JENDAI KAMEI,Bharatiya Janata Party,13023,Manipur,14,53,Manipur - Tamenglong (ST) ,Result Declared  
283,JANGHEMLUNG PANMEI,Naga Peoples Front,11019,Manipur,14,53,Manipur - Tamenglong (ST) ,Result Declared  
284,JANGAMLUNG PANMEI,Indian National Congress,215,Manipur,14,53,Manipur - Tamenglong (ST) ,Result Declared  
285,None of the Above,None of the Above,114,Manipur,14,53,Manipur - Tamenglong (ST) ,Result Declared  
286,GAIKHANGAM,Indian National Congress,10255,Manipur,14,54,Manipur - Nungba (ST) ,Result Declared  
287,ADIM PAMEI,Bharatiya Janata Party,5108,Manipur,14,54,Manipur - Nungba (ST) ,Result Declared  
288,POU MATHIUPUANG GONMEI,Lok Jan Shakti Party,4111,Manipur,14,54,Manipur - Nungba (ST) ,Result Declared  
289,KAMEI WILLIAM KABUI,All India Trinamool Congress,110,Manipur,14,54,Manipur - Nungba (ST) ,Result Declared  
290,None of the Above,None of the Above,75,Manipur,14,54,Manipur - Nungba (ST) ,Result Declared  
291,DR. CHALTONLIEN AMO,Indian National Congress,4997,Manipur,14,55,Manipur - Tipaimukh (st) ,Result Declared  
292,DR. LALLUKHUM FIMATE,Bharatiya Janata Party,4371,Manipur,14,55,Manipur - Tipaimukh (st) ,Result Declared  
293,NGURSANGLUR SANATE,National People's Party,2167,Manipur,14,55,Manipur - Tipaimukh (st) ,Result Declared  
294,NGURRIVUNG,Independent,132,Manipur,14,55,Manipur - Tipaimukh (st) ,Result Declared  
295,THANGTHATLING SINATE,Independent,106,Manipur,14,55,Manipur - Tipaimukh (st) ,Result Declared  
296,None of the Above,None of the Above,25,Manipur,14,55,Manipur - Tipaimukh (st) ,Result Declared  
297,VUNGZAGIN VALTE,Bharatiya Janata Party,9752,Manipur,14,56,Manipur - Thanlon (ST) ,Result Declared  
298,CHINKHOLAL THANGSING,Indian National Congress,2583,Manipur,14,56,Manipur - Thanlon (ST) ,Result Declared  
299,THANGKHANGIN,Lok Jan Shakti Party,795,Manipur,14,56,Manipur - Thanlon (ST) ,Result Declared  
300,T. NENGZAKHAM TOMBING,National People's Party,413,Manipur,14,56,Manipur - Thanlon (ST) ,Result Declared  
301,P. KHAMSANGLIAN,Independent,107,Manipur,14,56,Manipur - Thanlon (ST) ,Result Declared  
302,None of the Above,None of the Above,37,Manipur,14,56,Manipur - Thanlon (ST) ,Result Declared  
303,T. THANGZALAM HAOKIP,Bharatiya Janata Party,8438,Manipur,14,57,Manipur - Henglep (ST) ,Result Declared  
304,T. MANGA VAIPHEI,Indian National Congress,8170,Manipur,14,57,Manipur - Henglep (ST) ,Result Declared  
305,LETZAMANG HAOKIP,National People's Party,5146,Manipur,14,57,Manipur - Henglep (ST) ,Result Declared  
306,MANGCHA GANGTE,Manipur National Democratic Front,1303,Manipur,14,57,Manipur - Henglep (ST) ,Result Declared  
307,THONGZAMLIEN,Naga Peoples Front,547,Manipur,14,57,Manipur - Henglep (ST) ,Result Declared  
308,DR. JAINSON HAOKIP,All India Trinamool Congress,107,Manipur,14,57,Manipur - Henglep (ST) ,Result Declared  
309,None of the Above,None of the Above,71,Manipur,14,57,Manipur - Henglep (ST) ,Result Declared  
310,V. HANGKHANLIAN,Bharatiya Janata Party,10246,Manipur,14,58,Manipur - Churachandpur (ST) ,Result Declared  
311,PHUNGZATHANG TONSING,National People's Party,9632,Manipur,14,58,Manipur - Churachandpur (ST) ,Result Declared  
312,PAUKHANSUAN KHUPTONG,North East India Development Party,6411,Manipur,14,58,Manipur - Churachandpur (ST) ,Result Declared  
313,THANGBIAKLIAN HANGZO,Republican Party of India (A),3712,Manipur,14,58,Manipur - Churachandpur (ST) ,Result Declared  
314,CHINTWAHLIAN @ C.T. LIAN GUITE,Independent,3040,Manipur,14,58,Manipur - Churachandpur (ST) ,Result Declared  
315,HAUKHANTHANG,Indian National Congress,535,Manipur,14,58,Manipur - Churachandpur (ST) ,Result Declared  
316,DR. D.K. MANG,Independent,156,Manipur,14,58,Manipur - Churachandpur (ST) ,Result Declared  
317,None of the Above,None of the Above,108,Manipur,14,58,Manipur - Churachandpur (ST) ,Result Declared  
318,T. N. HAOKIP,Indian National Congress,16354,Manipur,14,59,Manipur - Saikot (ST) ,Result Declared  
319,PAOKHOLAL HAOKIP,Bharatiya Janata Party,11253,Manipur,14,59,Manipur - Saikot (ST) ,Result Declared  
320,HOLKHOLUN LHUNGDIM,Lok Jan Shakti Party,6096,Manipur,14,59,Manipur - Saikot (ST) ,Result Declared  
321,None of the Above,None of the Above,189,Manipur,14,59,Manipur - Saikot (ST) ,Result Declared  
322,GINSUANHAU,Indian National Congress,8131,Manipur,14,60,Manipur - Singhat (ST) ,Result Declared  
323,CHINLUNTHANG,Bharatiya Janata Party,6969,Manipur,14,60,Manipur - Singhat (ST) ,Result Declared  
324,HENLIANTHANG THANGLET,National People's Party,3124,Manipur,14,60,Manipur - Singhat (ST) ,Result Declared  
325,None of the Above,None of the Above,111,Manipur,14,60,Manipur - Singhat (ST) ,Result Declared  
